,original,variant_1,variant_2,variant_3,variant_4,variant_5,variant_6,variant_7,variant_8,variant_9,variant_10,variant_11,variant_12
0,Quais sao os ingredientes do Condotril,Qual e a composicao quimica do Condotril,O que contem o Condotril em termos de substancias ativas e inativas,Que ingredientes fazem parte da formula do Condotril,Quais sao os componentes do Condotril,Em que consiste a formulacao do Condotril,,,,,,,
1,Quais sao os ingredientes do Duobiotic,Qual e a composicao do Duobiotic,Que ingredientes contem o Duobiotic,O que esta presente no Duobiotic,Quais sao os componentes ativos do Duobiotic,Em que consiste o Duobiotic quimicamente,,,,,,,
2,Quais sao os ingredientes do Neurofil,O que e composto o Neurofill,Qual e a composicao do Neurofill,Em que ingredientes e composto o Neurofill,Quais substancias fazem parte do Neurofill,O que contem o Neurofill,,,,,,,
3,Quais sao os efeitos do Condotril,O que acontece quando se utiliza o Condotril,Quais sao as consequencias do uso do Condotril,Como o Condotril afeta os individuos ou a sociedade,Quais sao os efeitos colaterais do Condotril,Qual e o resultado pratico da utilizacao do Condotril,O que se pode esperar quando se utiliza o Condotril,Essas reformulacoes mantem o mesmo significado que a pergunta original,mas apresentam diferentes enfoques e perspectivas,,,,
4,Quais sao os efeitos do Duobiotic,O que acontece quando alguem toma Duobiotic,Os resultados colaterais do Duobiotic sao quais,Quais sao as consequencias de tomar Duobiotic,Qual e a reacao do corpo ao Duobiotic,Efeitos adversos ou secundarios do Duobiotic quais sao eles,O que acontece no organismo quando se toma Duobiotic,Consequencias do uso de Duobiotic quais sao elas,,,,,
5,Quais sao os efeitos do Neurofil,1 Qual e o resultado do uso de Neurofil,2 O que acontece quando se toma ou usa Neurofil,3 Quais sao as consequencias do consumo de Neurofil,4 Como afeta a saude o uso de Neurofil,5 O que ocorre no corpo com o consumo de Neurofil,6 Quais sao os efeitos colaterais do uso de Neurofil,7 Qual e o impacto do Neurofil na saude humana,8 O que acontece quando se administra ou se toma Neurofil,Essas perguntas mantem a essencia da pergunta original,mas expressam a ideia de forma ligeiramente diferente,,
6,Qual e o processo de toma do Condotril,Quais sao as etapas envolvidas na construcao do Conquistador,Como foi projetado e construido o Condominio Conquistador,O que e o processo de criacao de um condominio como o Conquistador,Quais sao os passos para a realizacao de um projeto imobiliario como o Conquistador,Qual foi a sequencia de eventos que levou a construcao do Condominio Conquistador,,,,,,,
7,Qual e o processo de toma do Duobiotic,Como e feita a administracao do Duobiotic,Qual e o procedimento de tomada do Duobiotic,O que se deve fazer para tomar Duobiotic,Como tomar corretamente Duobiotic,Quais sao os passos para consumir Duobiotic,,,,,,,
8,Qual e o processo de toma do Neurofil,1 Como se adquire o Neurofil,2 Quais sao os passos para obter um Neurofil,3 O que e necessario para tomar um Neurofil,4 Qual e a forma de contratar ou fazer uso de um Neurofil,5 Como funciona a tomada ou aquisicao de um Neurofil,6 Existem requisitos para se tornar titular de um Neurofil,7 Quais sao os procedimentos necessarios para adquirir um Neurofil,,,,,
9,Quais sao as condicoes de armazenamento do Condotril,Em que condicoes o Condotril deve ser armazenado,Como devem ser armazenados os condotrios,Quais sao as especificacoes de armazenamento do Condotril,Onde e como o Condotril pode ser armazenado,Quais condicoes sao necessarias para armazenar um Condotril,,,,,,,
10,Quais sao as condicoes de armazenamento do Duobiotic,1 Como deve ser armazenado o Duobiotic,2 Quais sao os requisitos de armazenamento do Duobiotic,3 Qual e a condicoes ideais para armazenar o Duobiotic,4 O que e preciso saber sobre a conservacao do Duobiotic,5 Em que condicoes o Duobiotic pode ser guardado sem problemas,6 Quais sao as instrucoes de armazenamento do Duobiotic,7 Como devem ser tratadas as embalagens vazias do Duobiotic apos o uso,8 Qual e a temperatura ideal para armazenar o Duobiotic,,,,
11,Quais sao as condicoes de armazenamento do Neurofil,Em que condicoes o Neurofil e armazenado,Como deve ser armazenado o Neurofil,Qual e as condicoes de conservacao do Neurofil,Quais sao os requisitos de armazenamento do Neurofil,Como deve ser conservado o Neurofil para sua utilizacao futura,O que e necessario para armazenar corretamente o Neurofil,,,,,,
12,Em que casos nao se pode tomar Condotril,Em quais situacoes nao e recomendado o uso de Condotril,Em que condicoes medicas Condotril nao deve ser tomado,Quais sao os casos em que Condotril e contraindicado ou seu uso deve ser evitado,Em que circunstancias medicas o Condotril nao pode ser utilizado,Quem nao deve tomar Condotril de acordo com as indicacoes medicas,,,,,,,
13,Em que casos nao se pode tomar Duobiotic,Quais sao os casos em que nao e recomendado tomar Duobiotic,Em que situacoes o uso de Duobiotic deve ser evitado,Qual e a indicacao para nao utilizar Duobiotic,Em quais condicoes nao se pode utilizar Duobiotic,Quem nao pode tomar Duobiotic,,,,,,,
14,Em que casos nao se pode tomar Neurofil,Em quais situacoes o uso de Neurofil nao e recomendado,Em qual tipo de condicao o medicamento Neurofil deve ser evitado,Quais sao as contraindicacoes para o uso de Neurofil,Em que casos o Neurofil nao e indicado,Qual e a condicao em que nao se pode tomar Neurofil,Em quais situacoes medicas o uso de Neurofil nao e aconselhavel,Espero ter ajudado,,,,,
15,Quantas doses tem a embalagem do Condotril,Quais sao as doses contidas na embalagem de Condotril,Em qual quantidade vem a embalagem do medicamento Condotril,Quantas unidades ou doses faz uma embalagem de Condotril,Qual e o numero total de doses em uma embalagem de Condotril,Como esta especificado,quantas doses tem uma embalagem de Condotril,,,,,,
16,Quantas doses tem a embalagem do Duobiotic,1 A embalagem do Duobiotic contem quantas doses,2 Quais sao as doses presentes na embalagem do Duobiotic,3 Em uma embalagem de Duobiotic,ha quantos comprimidosdoses,4 Quantidade de doses que tem um pacote do Duobiotic,5 Como e o conteudo em doses da embalagem de Duobiotic,6 A embalagem de Duobiotic inclui quantas unidoesdoses,7 O que esta dentro de uma embalagem de Duobiotic em termos de doses,8 Em uma embalagem do Duobiotic,ha quantidades de doses para tratar,Note I kept the meaning of the original question intact,focusing on inquiring about the number of doses within a Duobiotic packaging
17,Quantas doses tem a embalagem do Neurofil,Em que quantidade esta a embalagem do Neurofil,Qual e o numero de doses por embalagem do Neurofil,Quantas capsulas ou comprimidos tem uma embalagem do Neurofil,Como e marcada a embalagem do Neurofil em termos de doses,Em que quantidade de doses esta contenida uma embalagem do Neurofil,,,,,,,
