,original,variant_1,variant_2,variant_3,variant_4,variant_5,variant_6,variant_7,variant_8,variant_9,variant_10
0,Quais sao os ingredientes do Condotril,Qual e a composicao do Condotril,Quais sao os componentes quimicos do Condotril,O que contem o Condotril,Quais ingredientes tem o Condotril,Qual e a formula do Condotril,Quais substancias fazem parte do Condotril,,,,
1,Quais sao os ingredientes do Duobiotic,1 Qual e a composicao do Duobiotic,2 Quais sao os componentes ativos presentes no Duobiotic,3 Em que ingredientes esta composto o Duobiotic,4 Quais sao as substancias que constituem o Duobiotic,5 O que consta na formula do Duobiotic,6 Quais sao os principios ativos encontrados no Duobiotic,7 Em que ingredientes esta formulado o Duobiotic,Essas perguntas mantem a mesma intencao da original,que e saber quais sao os componentes ou ingredientes do medicamento Duobiotic,
2,Quais sao os ingredientes do Neurofil,O que compoe o Neurofil,Quais sao as substancias constituintes do Neurofil,Qual e a composicao quimica do Neurofil,Os ingredientes primordiais do Neurofil sao quais,Qual e a formula molecular do Neurofil,,,,,
3,Quais sao os efeitos do Condotril,1 Qual e o impacto social do Conduto,2 Quais sao as consequencias do Condotril para a populacao,3 Como afeta o Condotril a comunidade local,4 Quais sao os efeitos adversos da construcao do Condotril,5 O que ocorre com a area ao redor do Condotril apos sua construcao,6 Quais sao as alteracoes sociais geradas pelo Condotril,7 Como o Condotril esta afetando a economia local,8 Quais sao os beneficios e desvantagens do Condotril para a regiao,9 O que e o legado social do Condotril apos sua conclusao,10 Qual foi o impacto total da construcao do Condotril
4,Quais sao os efeitos do Duobiotic,Qual e o resultado de tomar Duobiotic,Como afeta o corpo o uso de Duobiotic,Quais sao as consequencias do uso de Duobiotic,O que acontece quando se toma Duobiotic,Quais efeitos colaterais tem o Duobiotic,Qual e a resposta do organismo ao Duobiotic,Quais sao os impactos do Duobiotic no corpo humano,,,
5,Quais sao os efeitos do Neurofil,Quais sao as consequencias do uso do Neurofil,O que acontece com o corpo quando se usa Neurofil,Como o Neurofil afeta o organismo humano,Qual e o resultado de consumir ou usar Neurofil,Quais sao os efeitos colaterais do uso do Neurofil,,,,,
6,Qual e o processo de toma do Condotril,Como funciona o processo de tomada do Condotril,Quais sao as etapas envolvidas na tomada do Condotril,O que e necessario para fazer a tomada do Condotril,Descreva o procedimento para tomar o Condotril,Em quais momentos e por que motivos o Condotril e tomado,Quais sao os criterios para decidir quando e como tomar o Condotril,,,,
7,Qual e o processo de toma do Duobiotic,Como funciona o tratamento com Duobiotic,Quais sao os passos para tomar Duobiotic,O que deve fazer alguem para iniciar o uso de Duobiotic,Como e feito o processo de administracao de Duobiotic,Qual e a sequencia de acoes para usar Duobiotic,O que acontece quando se comeca a tomar Duobiotic,,,,
8,Qual e o processo de toma do Neurofil,Como funciona a tomada de Neurofil,Quais sao os passos para tomar Neurofil,O que e o processo de tomar um Neurofil,Como se adquire um Neurofil,,,,,,
9,Quais sao as condicoes de armazenamento do Condotril,Qual e o procedimento para armazenar o Condotril,Em que condicoes deve ser armazenado o Condotril,Como devem ser armazenados os produtos ou materiais relacionados ao Condotril,Quais sao as instrucoes de armazenamento para o Condotril,Onde e como devem ser mantidos os produtos associados ao Condotril em armazem,Existem especificacoes particulares para a armazenagem do Condotril,,,,
10,Quais sao as condicoes de armazenamento do Duobiotic,Qual e o protocolo recomendado para armazenar Duobiotic,Como devem ser armazenados os medicamentos que contem Duobiotic,Quais sao as condicoes de armazenamento adequadas para Duobiotic,Em que condicoes deve ser mantido o Duobiotic apos a abertura da embalagem,Qual e a temperatura ideal para armazenar Duobiotic,,,,,
11,Quais sao as condicoes de armazenamento do Neurofil,Em que condicoes e recomendado armazenar o Neurofil,Como deve ser armazenado o Neurofil para manter suas propriedades,Quais sao as especificacoes de armazenamento do Neurofil,Em qual ambiente ou condicao e apropriado armazenar o Neurofil,O que deve ser feito para armazenar corretamente o Neurofil,,,,,
12,Em que casos nao se pode tomar Condotril,Em qual dos seguintes casos nao e recomendado o uso de Condotril,Quais sao as situacoes em que nao se deve tomar Condotril,Em quais circunstancias nao e possivel ou nao e recomendado o consumo de Condotril,Qual e a condicao medica em que o Condotril nao pode ser utilizado,Em que tipos de doencas ou problemas de saude nao e aconselhavel o uso de Condotril,,,,,
13,Em que casos nao se pode tomar Duobiotic,Em quais situacoes nao e recomendado o uso de Duobiotic,Quais sao as contraindicacoes para tomar Duobiotic,Quando e necessario evitar o consumo de Duobiotic,Em que condicoes medicas nao se pode utilizar Duobiotic,Em quais casos especificos o Duobiotic nao deve ser tomado,,,,,
14,Em que casos nao se pode tomar Neurofil,Quais situacoes nao permitem o uso de Neurofil,Nao e recomendado usar Neurofil em que tipos de casos,Em que condicoes nao deve ser tomado Neurofil,Quem nao pode tomar Neurofil,Em que situacoes a administracao de Neurofil e contraindicada,,,,,
15,Quantas doses tem a embalagem do Condotril,Quao muitas doses ha na embalagem de Condotril,Em que quantidade e disponibilizado o medicamento Condotril por embalagem,Quantos frascos ou unidades tem uma embalagem do Condotril,Qual e a unidade de dosagem da embalagem de Condotril,Como estao divididas as doses dentro de uma embalagem de Condotril,,,,,
16,Quantas doses tem a embalagem do Duobiotic,Quao muitas doses ha na embalagem do Duobiotic,A embalagem de Duobiotic contem quantas doses,Quantas capsulascaches comprimidosampolas tem a embalagem de Duobiotic,O que esta escrito na embalagem sobre o numero de doses do Duobiotic,Em que quantidade as doses estao disponiveis na embalagem de Duobiotic,,,,,
17,Quantas doses tem a embalagem do Neurofil,Qual e o numero de doses na embalagem do Neurofil,Em quantos doses vem a embalagem do Neurofil,Quantas capsulasdosescontem uma embalagem de Neurofil,Como e que eu posso saber em quantas doses esta a embalagem do Neurofil,O que diz na etiqueta sobre o numero de doses da embalagem do Neurofil,Em que quantidade vem a embalagem do Neurofil para ser consumida,,,,
